Number_of_Slices,Math_Solve_Time_ms,PINN_Solve_Time_ms,PINN_Objective_Loss,Math_Objective_Loss
4,178.1496286392212,1.4348506927490234,0.019987723184749485,0.015990178547799588
8,278.196382522583,1.038217544555664,0.05855346210300923,0.04684276968240738
16,497.66035079956055,1.0731935501098633,0.14033672213554382,0.11226937770843506
32,1435.358476638794,1.0426521301269531,0.29669690132141113,0.23735752105712896
64,8299.443674087524,1.1393070220947266,0.9051630377769471,0.7241304302215577
